{
  "multiclass_wine_ash": {
    "status": "OPTIMAL",
    "splits": [
      2.1450001001358032,
      2.2450000047683716,
      2.3149999380111694,
      2.6049998998641968,
      2.6450001001358032
    ],
    "n_bins": 6
  },
  "continuous_synth_x": {
    "status": "OPTIMAL",
    "splits": [
      8.767946243286133,
      11.947556018829346,
      15.279821395874023,
      24.44050693511963,
      31.135066032409668,
      37.52717590332031,
      44.98737144470215,
      63.831857681274414,
      68.59198379516602
    ],
    "n_bins": 10
  }
}